<?xml version="1.0"?>
<!DOCTYPE Configure PUBLIC "-//Jetty//Configure//EN" "http://www.eclipse.org/jetty/configure.dtd">
<Configure class="org.eclipse.jetty.maven.plugin.JettyWebAppContext">
	<New id="ChequeElectroDB" class="org.eclipse.jetty.plus.jndi.Resource">
		<Arg></Arg>			
 		<Arg>jdbc/ChequeElectroDB</Arg>
		<Arg>
			<New class="oracle.jdbc.pool.OracleDataSource">
				<Set name="DriverType">thin</Set>
				<Set name="URL">jdbc:oracle:thin:@15.128.85.149:1525:BNTSINTD</Set>
				<Set name="User">UGCHKELAPP</Set>
				<Set name="Password">Passw0rd#687</Set>
				<Set name="connectionCachingEnabled">true</Set>
				<Set name="connectionCacheProperties">
					<New class="java.util.Properties">
						<Call name="setProperty">
							<Arg>MinLimit</Arg>
							<Arg>1</Arg>
						</Call>
					</New>
				</Set>
			</New>
		</Arg> 
	</New>
		<New id="cheq_ele" class="org.eclipse.jetty.plus.jndi.Resource">
		<Arg></Arg>
			<Arg>jdbc/cheq_ele</Arg>
		<Arg>
			<New class="oracle.jdbc.pool.OracleDataSource">
				<Set name="DriverType">thin</Set>
				<Set name="URL">jdbc:oracle:thin:@15.128.25.69:1526:BNT09D</Set>
				<Set name="User">UGCHKELOAPP</Set>
				<Set name="Password">j4lib0X$d63h</Set>
				<Set name="connectionCachingEnabled">true</Set>
				<Set name="connectionCacheProperties">
					<New class="java.util.Properties">
						<Call name="setProperty">
							<Arg>MinLimit</Arg>
							<Arg>1</Arg>
						</Call>
					</New>
				</Set>
			</New>
		</Arg>
	</New>
</Configure>