<?xml version="1.0"?>
<!DOCTYPE hibernate-mapping PUBLIC "-//Hibernate/Hibernate Mapping DTD 3.0//EN"
   "http://www.hibernate.org/dtd/hibernate-mapping-3.0.dtd">
<hibernate-mapping >
	<class name="com.banorte.mercadoBanorte.entity.CertificadosEntity" table="CERTIFICADOS" >
		
		<id name="id" column="ID" unsaved-value="0" >
			<generator class="sequence">
				<param name="sequence">CERTIFICADOS_ID_SEQ</param>
			</generator>
		</id>		
		
        <property name="titulo" type="string" column="TITULO"  length="250" />
        <property name="descripcion" type="string" column="DESCRIPCION"  length="500" />
        <property name="fechaValidoInicial" type="string" column="FECHA_VALIDO_INICIAL" />
        <property name="fechaValidoFinal" type="string" column="FECHA_VALIDO_FINAL" />
        <property name="valor" type="double" column="VALOR" />
        <property name="importe" type="double" column="IMPORTE" />
        <property name="estatus" type="integer" column="ESTATUS" />
<!--         <property name="fechaCreacion" type="timestamp" column="FECHA_CREACION" /> -->
<!--         <property name="fechaModificacion" type="timestamp" column="FECHA_MODIFICACION" /> -->
        <property name="imagen" type="clob" column="IMAGEN" />
<!--         <property name="idComercio" type="integer" column="CERTIFICADOS_COMERCIO_ID" /> -->
<!--         <property name="idEstado" type="integer" column="CERTIFICADOS_ESTADO_ID" /> -->
        <property name="terminosCondiciones" type="string" column="TERMINOS_CONDICIONES"  length="500" />
        <property name="restricciones" type="string" column="RESTRICCIONES_CERTIFICADOS"  length="500" />

    </class>
</hibernate-mapping>

