<?xml version="1.0" encoding="UTF-8"?>
<!DOCTYPE hibernate-configuration PUBLIC 
  "-//Hibernate/Hibernate Configuration DTD 3.0//EN" 
  "http://www.hibernate.org/dtd/hibernate-configuration-3.0.dtd">
<hibernate-configuration>
	<session-factory>
		<property name="jndi.class">weblogic.jndi.WLInitialContextFactory</property>
		<property name="hibernate.connection.datasource">jdbc/mercadoBanorte</property>
		<property name="hibernate.connection.pool_size">10</property>
		<property name="hibernate.show_sql">false</property>
		
		<!-- <property name="hibernate.dialect">org.hibernate.dialect.Oracle10gDialect</property> -->
		<property name="hibernate.bytecode.use_reflection_optimizer">false</property>
		<mapping resource="relCertificadoMultiestado.hbm.xml"/>	
		<mapping resource="certificados.hbm.xml"/>	
		
	</session-factory>
</hibernate-configuration>
