<?xml version="1.0"?>
<!DOCTYPE hibernate-mapping PUBLIC "-//Hibernate/Hibernate Mapping DTD 3.0//EN"
   "http://www.hibernate.org/dtd/hibernate-mapping-3.0.dtd">
<hibernate-mapping >
	<class name="com.banorte.mercadoBanorte.entity.RelCertificadoMultiEstadoValue" table="REL_CERTIFICADOS_COM_EST" >
		
		<id name="id" column="ID" unsaved-value="0" >
			<generator class="sequence">
				<param name="sequence">REL_CERTIF_COMEST_ID_SEQ</param>
			</generator>
		</id>		
		
        <property name="fechaCreacion" type="timestamp" column="FECHA_CREACION" />
        <property name="fechaModificacion" type="timestamp" column="FECHA_MODIFICACION" />
        <property name="estatus" type="integer" column="ESTATUS"  length="1" />
        <many-to-one name="certificado" class="com.banorte.mercadoBanorte.entity.CertificadosEntity" fetch="select">
            <column name="CERTIFICADOS_ID"/>
        </many-to-one>
<!--         <property name="idRelMultiestado" type="integer" column="REL_COMERCIO_ESTADO_ID" /> -->
    </class>
</hibernate-mapping>

